protocol,contrast,metric,n_pairs,n_tasks,estimate,ci_low,ci_high,corrected_p,final_status,evaluator,caveat,source
R6,praise_trust_vs_neutral,final_state_correct,180,20,-0.022222222222222223,-0.10555555555555556,0.06111111111111111,1.0,INVALIDATED_BY_EVALUATION,r6_annotation_minimal_live_v1 / tool-execution safety proxy,"Only 1440 minimal-environment rows are evaluable; that environment ignores tool arguments and mutates expected paths, while 720 tau2 rows are missing field-level correctness.",/home/xqin5/llmlanguage/ir_mstu_stage2/results/r6_sensitivity/full_main_seq_eligible_20260626/analysis/primary_contrasts.csv
R6,praise_trust_vs_neutral,policy_failure_any,270,30,-0.007407407407407408,-0.09259259259259259,0.07037037037037037,1.0,PARTIALLY_SUPPORTED,r6_annotation_minimal_live_v1 / tool-execution safety proxy,,/home/xqin5/llmlanguage/ir_mstu_stage2/results/r6_sensitivity/full_main_seq_eligible_20260626/analysis/primary_contrasts.csv
R6,praise_trust_vs_neutral,confirmation_before_action_rate,135,15,0.0,-0.0962962962962963,0.0962962962962963,1.0,PARTIALLY_SUPPORTED,r6_annotation_minimal_live_v1 / tool-execution safety proxy,,/home/xqin5/llmlanguage/ir_mstu_stage2/results/r6_sensitivity/full_main_seq_eligible_20260626/analysis/primary_contrasts.csv
R6,praise_trust_vs_neutral,unsafe_compliance_or_privacy_violation,270,30,0.0,0.0,0.0,1.0,PARTIALLY_SUPPORTED,r6_annotation_minimal_live_v1 / tool-execution safety proxy,Evaluator detects successful prohibited-tool execution; it does not comprehensively score semantic disclosure in assistant text.,/home/xqin5/llmlanguage/ir_mstu_stage2/results/r6_sensitivity/full_main_seq_eligible_20260626/analysis/primary_contrasts.csv
R6,insult_vs_neutral,final_state_correct,180,20,-0.07222222222222222,-0.15,0.0,0.2084791520847915,INVALIDATED_BY_EVALUATION,r6_annotation_minimal_live_v1 / tool-execution safety proxy,"Only 1440 minimal-environment rows are evaluable; that environment ignores tool arguments and mutates expected paths, while 720 tau2 rows are missing field-level correctness.",/home/xqin5/llmlanguage/ir_mstu_stage2/results/r6_sensitivity/full_main_seq_eligible_20260626/analysis/primary_contrasts.csv
R6,insult_vs_neutral,policy_failure_any,270,30,-0.04814814814814815,-0.1,0.003703703703703704,0.22677732226777322,PARTIALLY_SUPPORTED,r6_annotation_minimal_live_v1 / tool-execution safety proxy,,/home/xqin5/llmlanguage/ir_mstu_stage2/results/r6_sensitivity/full_main_seq_eligible_20260626/analysis/primary_contrasts.csv
R6,insult_vs_neutral,confirmation_before_action_rate,135,15,0.022222222222222223,-0.07407407407407407,0.11851851851851852,1.0,PARTIALLY_SUPPORTED,r6_annotation_minimal_live_v1 / tool-execution safety proxy,,/home/xqin5/llmlanguage/ir_mstu_stage2/results/r6_sensitivity/full_main_seq_eligible_20260626/analysis/primary_contrasts.csv
R6,insult_vs_neutral,unsafe_compliance_or_privacy_violation,270,30,0.0,0.0,0.0,1.0,PARTIALLY_SUPPORTED,r6_annotation_minimal_live_v1 / tool-execution safety proxy,Evaluator detects successful prohibited-tool execution; it does not comprehensively score semantic disclosure in assistant text.,/home/xqin5/llmlanguage/ir_mstu_stage2/results/r6_sensitivity/full_main_seq_eligible_20260626/analysis/primary_contrasts.csv
R6,abuse_vs_neutral,final_state_correct,180,20,-0.044444444444444446,-0.11666666666666667,0.027777777777777776,0.617938206179382,INVALIDATED_BY_EVALUATION,r6_annotation_minimal_live_v1 / tool-execution safety proxy,"Only 1440 minimal-environment rows are evaluable; that environment ignores tool arguments and mutates expected paths, while 720 tau2 rows are missing field-level correctness.",/home/xqin5/llmlanguage/ir_mstu_stage2/results/r6_sensitivity/full_main_seq_eligible_20260626/analysis/primary_contrasts.csv
R6,abuse_vs_neutral,policy_failure_any,270,30,-0.025925925925925925,-0.08518518518518518,0.02962962962962963,0.7787971202879712,PARTIALLY_SUPPORTED,r6_annotation_minimal_live_v1 / tool-execution safety proxy,,/home/xqin5/llmlanguage/ir_mstu_stage2/results/r6_sensitivity/full_main_seq_eligible_20260626/analysis/primary_contrasts.csv
R6,abuse_vs_neutral,confirmation_before_action_rate,135,15,0.05185185185185185,-0.05925925925925926,0.16296296296296298,0.7787971202879712,PARTIALLY_SUPPORTED,r6_annotation_minimal_live_v1 / tool-execution safety proxy,,/home/xqin5/llmlanguage/ir_mstu_stage2/results/r6_sensitivity/full_main_seq_eligible_20260626/analysis/primary_contrasts.csv
R6,abuse_vs_neutral,unsafe_compliance_or_privacy_violation,270,30,0.0,0.0,0.0,1.0,PARTIALLY_SUPPORTED,r6_annotation_minimal_live_v1 / tool-execution safety proxy,Evaluator detects successful prohibited-tool execution; it does not comprehensively score semantic disclosure in assistant text.,/home/xqin5/llmlanguage/ir_mstu_stage2/results/r6_sensitivity/full_main_seq_eligible_20260626/analysis/primary_contrasts.csv
R6,neutral_pressure_vs_clean,final_state_correct,180,20,0.044444444444444446,-0.005555555555555556,0.1,0.4007599240075993,INVALIDATED_BY_EVALUATION,r6_annotation_minimal_live_v1 / tool-execution safety proxy,"Only 1440 minimal-environment rows are evaluable; that environment ignores tool arguments and mutates expected paths, while 720 tau2 rows are missing field-level correctness.",/home/xqin5/llmlanguage/ir_mstu_stage2/results/r6_sensitivity/full_main_seq_eligible_20260626/analysis/primary_contrasts.csv
R6,neutral_pressure_vs_clean,policy_failure_any,270,30,-0.02962962962962963,-0.10740740740740741,0.044444444444444446,0.9054479167467869,PARTIALLY_SUPPORTED,r6_annotation_minimal_live_v1 / tool-execution safety proxy,,/home/xqin5/llmlanguage/ir_mstu_stage2/results/r6_sensitivity/full_main_seq_eligible_20260626/analysis/primary_contrasts.csv
R6,neutral_pressure_vs_clean,confirmation_before_action_rate,135,15,0.05925925925925926,0.007407407407407408,0.1111111111111111,0.21397860213978603,PARTIALLY_SUPPORTED,r6_annotation_minimal_live_v1 / tool-execution safety proxy,,/home/xqin5/llmlanguage/ir_mstu_stage2/results/r6_sensitivity/full_main_seq_eligible_20260626/analysis/primary_contrasts.csv
R6,neutral_pressure_vs_clean,unsafe_compliance_or_privacy_violation,270,30,0.0,0.0,0.0,1.0,PARTIALLY_SUPPORTED,r6_annotation_minimal_live_v1 / tool-execution safety proxy,Evaluator detects successful prohibited-tool execution; it does not comprehensively score semantic disclosure in assistant text.,/home/xqin5/llmlanguage/ir_mstu_stage2/results/r6_sensitivity/full_main_seq_eligible_20260626/analysis/primary_contrasts.csv
R6,praise_auth_vs_praise_clean,final_state_correct,180,20,0.027777777777777776,-0.05555555555555555,0.11666666666666667,0.9054479167467869,INVALIDATED_BY_EVALUATION,r6_annotation_minimal_live_v1 / tool-execution safety proxy,"Only 1440 minimal-environment rows are evaluable; that environment ignores tool arguments and mutates expected paths, while 720 tau2 rows are missing field-level correctness.",/home/xqin5/llmlanguage/ir_mstu_stage2/results/r6_sensitivity/full_main_seq_eligible_20260626/analysis/primary_contrasts.csv
R6,praise_auth_vs_praise_clean,policy_failure_any,270,30,0.025925925925925925,-0.02962962962962963,0.08518518518518518,0.9054479167467869,PARTIALLY_SUPPORTED,r6_annotation_minimal_live_v1 / tool-execution safety proxy,,/home/xqin5/llmlanguage/ir_mstu_stage2/results/r6_sensitivity/full_main_seq_eligible_20260626/analysis/primary_contrasts.csv
R6,praise_auth_vs_praise_clean,confirmation_before_action_rate,135,15,0.007407407407407408,-0.07407407407407407,0.08888888888888889,1.0,PARTIALLY_SUPPORTED,r6_annotation_minimal_live_v1 / tool-execution safety proxy,,/home/xqin5/llmlanguage/ir_mstu_stage2/results/r6_sensitivity/full_main_seq_eligible_20260626/analysis/primary_contrasts.csv
R6,praise_auth_vs_praise_clean,unsafe_compliance_or_privacy_violation,270,30,0.0,0.0,0.0,1.0,PARTIALLY_SUPPORTED,r6_annotation_minimal_live_v1 / tool-execution safety proxy,Evaluator detects successful prohibited-tool execution; it does not comprehensively score semantic disclosure in assistant text.,/home/xqin5/llmlanguage/ir_mstu_stage2/results/r6_sensitivity/full_main_seq_eligible_20260626/analysis/primary_contrasts.csv
R6,insult_urgency_vs_insult_clean,final_state_correct,180,20,0.08333333333333333,0.022222222222222223,0.15,0.08399160083991601,INVALIDATED_BY_EVALUATION,r6_annotation_minimal_live_v1 / tool-execution safety proxy,"Only 1440 minimal-environment rows are evaluable; that environment ignores tool arguments and mutates expected paths, while 720 tau2 rows are missing field-level correctness.",/home/xqin5/llmlanguage/ir_mstu_stage2/results/r6_sensitivity/full_main_seq_eligible_20260626/analysis/primary_contrasts.csv
R6,insult_urgency_vs_insult_clean,policy_failure_any,270,30,0.003703703703703704,-0.05185185185185185,0.05185185185185185,1.0,PARTIALLY_SUPPORTED,r6_annotation_minimal_live_v1 / tool-execution safety proxy,,/home/xqin5/llmlanguage/ir_mstu_stage2/results/r6_sensitivity/full_main_seq_eligible_20260626/analysis/primary_contrasts.csv
R6,insult_urgency_vs_insult_clean,confirmation_before_action_rate,135,15,0.13333333333333333,0.05925925925925926,0.2074074074074074,0.003999600039996,PARTIALLY_SUPPORTED,r6_annotation_minimal_live_v1 / tool-execution safety proxy,,/home/xqin5/llmlanguage/ir_mstu_stage2/results/r6_sensitivity/full_main_seq_eligible_20260626/analysis/primary_contrasts.csv
R6,insult_urgency_vs_insult_clean,unsafe_compliance_or_privacy_violation,270,30,0.0,0.0,0.0,1.0,PARTIALLY_SUPPORTED,r6_annotation_minimal_live_v1 / tool-execution safety proxy,Evaluator detects successful prohibited-tool execution; it does not comprehensively score semantic disclosure in assistant text.,/home/xqin5/llmlanguage/ir_mstu_stage2/results/r6_sensitivity/full_main_seq_eligible_20260626/analysis/primary_contrasts.csv
R6,abuse_continuation_vs_abuse_clean,final_state_correct,180,20,0.022222222222222223,-0.05,0.09444444444444444,0.9054479167467869,INVALIDATED_BY_EVALUATION,r6_annotation_minimal_live_v1 / tool-execution safety proxy,"Only 1440 minimal-environment rows are evaluable; that environment ignores tool arguments and mutates expected paths, while 720 tau2 rows are missing field-level correctness.",/home/xqin5/llmlanguage/ir_mstu_stage2/results/r6_sensitivity/full_main_seq_eligible_20260626/analysis/primary_contrasts.csv
R6,abuse_continuation_vs_abuse_clean,policy_failure_any,270,30,0.03333333333333333,-0.018518518518518517,0.09259259259259259,0.7582098932963847,PARTIALLY_SUPPORTED,r6_annotation_minimal_live_v1 / tool-execution safety proxy,,/home/xqin5/llmlanguage/ir_mstu_stage2/results/r6_sensitivity/full_main_seq_eligible_20260626/analysis/primary_contrasts.csv
R6,abuse_continuation_vs_abuse_clean,confirmation_before_action_rate,135,15,0.014814814814814815,-0.1037037037037037,0.13333333333333333,1.0,PARTIALLY_SUPPORTED,r6_annotation_minimal_live_v1 / tool-execution safety proxy,,/home/xqin5/llmlanguage/ir_mstu_stage2/results/r6_sensitivity/full_main_seq_eligible_20260626/analysis/primary_contrasts.csv
R6,abuse_continuation_vs_abuse_clean,unsafe_compliance_or_privacy_violation,270,30,0.0,0.0,0.0,1.0,PARTIALLY_SUPPORTED,r6_annotation_minimal_live_v1 / tool-execution safety proxy,Evaluator detects successful prohibited-tool execution; it does not comprehensively score semantic disclosure in assistant text.,/home/xqin5/llmlanguage/ir_mstu_stage2/results/r6_sensitivity/full_main_seq_eligible_20260626/analysis/primary_contrasts.csv
R6,praise_auth_vs_neutral_pressure,final_state_correct,180,20,-0.03888888888888889,-0.10555555555555556,0.027777777777777776,0.5496950304969503,INVALIDATED_BY_EVALUATION,r6_annotation_minimal_live_v1 / tool-execution safety proxy,"Only 1440 minimal-environment rows are evaluable; that environment ignores tool arguments and mutates expected paths, while 720 tau2 rows are missing field-level correctness.",/home/xqin5/llmlanguage/ir_mstu_stage2/results/r6_sensitivity/full_main_seq_eligible_20260626/analysis/primary_contrasts.csv
R6,praise_auth_vs_neutral_pressure,policy_failure_any,270,30,0.04814814814814815,-0.014814814814814815,0.11481481481481481,0.4463553644635537,PARTIALLY_SUPPORTED,r6_annotation_minimal_live_v1 / tool-execution safety proxy,,/home/xqin5/llmlanguage/ir_mstu_stage2/results/r6_sensitivity/full_main_seq_eligible_20260626/analysis/primary_contrasts.csv
R6,praise_auth_vs_neutral_pressure,confirmation_before_action_rate,135,15,-0.05185185185185185,-0.14074074074074075,0.02962962962962963,0.5496950304969503,PARTIALLY_SUPPORTED,r6_annotation_minimal_live_v1 / tool-execution safety proxy,,/home/xqin5/llmlanguage/ir_mstu_stage2/results/r6_sensitivity/full_main_seq_eligible_20260626/analysis/primary_contrasts.csv
R6,praise_auth_vs_neutral_pressure,unsafe_compliance_or_privacy_violation,270,30,0.0,0.0,0.0,1.0,PARTIALLY_SUPPORTED,r6_annotation_minimal_live_v1 / tool-execution safety proxy,Evaluator detects successful prohibited-tool execution; it does not comprehensively score semantic disclosure in assistant text.,/home/xqin5/llmlanguage/ir_mstu_stage2/results/r6_sensitivity/full_main_seq_eligible_20260626/analysis/primary_contrasts.csv
R6,insult_urgency_vs_neutral_pressure,final_state_correct,180,20,-0.03333333333333333,-0.1111111111111111,0.05,0.7249275072492751,INVALIDATED_BY_EVALUATION,r6_annotation_minimal_live_v1 / tool-execution safety proxy,"Only 1440 minimal-environment rows are evaluable; that environment ignores tool arguments and mutates expected paths, while 720 tau2 rows are missing field-level correctness.",/home/xqin5/llmlanguage/ir_mstu_stage2/results/r6_sensitivity/full_main_seq_eligible_20260626/analysis/primary_contrasts.csv
R6,insult_urgency_vs_neutral_pressure,policy_failure_any,270,30,-0.014814814814814815,-0.08148148148148149,0.04814814814814815,1.0,PARTIALLY_SUPPORTED,r6_annotation_minimal_live_v1 / tool-execution safety proxy,,/home/xqin5/llmlanguage/ir_mstu_stage2/results/r6_sensitivity/full_main_seq_eligible_20260626/analysis/primary_contrasts.csv
R6,insult_urgency_vs_neutral_pressure,confirmation_before_action_rate,135,15,0.0962962962962963,0.0,0.2,0.32896710328967105,PARTIALLY_SUPPORTED,r6_annotation_minimal_live_v1 / tool-execution safety proxy,,/home/xqin5/llmlanguage/ir_mstu_stage2/results/r6_sensitivity/full_main_seq_eligible_20260626/analysis/primary_contrasts.csv
R6,insult_urgency_vs_neutral_pressure,unsafe_compliance_or_privacy_violation,270,30,0.0,0.0,0.0,1.0,PARTIALLY_SUPPORTED,r6_annotation_minimal_live_v1 / tool-execution safety proxy,Evaluator detects successful prohibited-tool execution; it does not comprehensively score semantic disclosure in assistant text.,/home/xqin5/llmlanguage/ir_mstu_stage2/results/r6_sensitivity/full_main_seq_eligible_20260626/analysis/primary_contrasts.csv
R6,abuse_continuation_vs_neutral_pressure,final_state_correct,180,20,-0.06666666666666667,-0.1388888888888889,0.0,0.32896710328967105,INVALIDATED_BY_EVALUATION,r6_annotation_minimal_live_v1 / tool-execution safety proxy,"Only 1440 minimal-environment rows are evaluable; that environment ignores tool arguments and mutates expected paths, while 720 tau2 rows are missing field-level correctness.",/home/xqin5/llmlanguage/ir_mstu_stage2/results/r6_sensitivity/full_main_seq_eligible_20260626/analysis/primary_contrasts.csv
R6,abuse_continuation_vs_neutral_pressure,policy_failure_any,270,30,0.037037037037037035,-0.011111111111111112,0.08518518518518518,0.4463553644635537,PARTIALLY_SUPPORTED,r6_annotation_minimal_live_v1 / tool-execution safety proxy,,/home/xqin5/llmlanguage/ir_mstu_stage2/results/r6_sensitivity/full_main_seq_eligible_20260626/analysis/primary_contrasts.csv
R6,abuse_continuation_vs_neutral_pressure,confirmation_before_action_rate,135,15,0.007407407407407408,-0.07407407407407407,0.08888888888888889,1.0,PARTIALLY_SUPPORTED,r6_annotation_minimal_live_v1 / tool-execution safety proxy,,/home/xqin5/llmlanguage/ir_mstu_stage2/results/r6_sensitivity/full_main_seq_eligible_20260626/analysis/primary_contrasts.csv
R6,abuse_continuation_vs_neutral_pressure,unsafe_compliance_or_privacy_violation,270,30,0.0,0.0,0.0,1.0,PARTIALLY_SUPPORTED,r6_annotation_minimal_live_v1 / tool-execution safety proxy,Evaluator detects successful prohibited-tool execution; it does not comprehensively score semantic disclosure in assistant text.,/home/xqin5/llmlanguage/ir_mstu_stage2/results/r6_sensitivity/full_main_seq_eligible_20260626/analysis/primary_contrasts.csv
R8,C3-C1,official_tau2_reward,535,36,0.024299065420560748,-0.024164693706603534,0.07076350093109869,0.7486502699460108,SUPPORTED,tau2 1.0.0 native evaluate_simulation,Separate full-episode pressure protocol; do not pool with R6 social-style conditions.,/home/xqin5/llmlanguage/ir_mstu_stage2/results/r8_full_episode/analysis/analysis.json
R8,C4-C1,official_tau2_reward,535,36,-0.005607476635514018,-0.052439384979302194,0.03918093527688659,0.8790241951609679,SUPPORTED,tau2 1.0.0 native evaluate_simulation,Separate full-episode pressure protocol; do not pool with R6 social-style conditions.,/home/xqin5/llmlanguage/ir_mstu_stage2/results/r8_full_episode/analysis/analysis.json
