subset,metric,n_tasks,n_tn_pairs,n_nn_pairs,raw_c2_c1_difference,nn_signed_difference,nn_adjusted_difference,ci_low,ci_high,p,q,loto_min,loto_max,coverage_tn,coverage_nn,interpretation
ALL,duplicate_calls,36,536,1076,0.009854497354497359,-0.039962825278810406,0.0518060643060643,-0.12361111111111112,0.23597489316239317,0.5968403159684031,0.8681313686813137,0.003762428048142326,0.10281004709576139,536,1076,count/exposure metric
ALL,verification_calls,36,536,1076,-0.025992063492063497,-0.0037174721189591076,-0.022288359788359784,-0.19538359788359788,0.14623015873015874,0.808019198080192,0.9872155641578699,-0.06673469387755103,0.02850340136054422,536,1076,count/exposure metric
ALL,confirmation_calls,36,536,1076,0.5705026455026455,0.0604089219330855,0.5104599104599105,0.2005494505494506,0.8413064713064711,0.004399560043995601,0.07039296070392961,0.43742543171114606,0.5650444793301936,536,1076,count/exposure metric
ALL,write_calls,36,536,1076,0.09854497354497355,0.024163568773234202,0.07475579975579978,-0.11783679283679281,0.2939682539682539,0.5126487351264873,0.8681313686813137,0.006415489272632143,0.10355834641548929,536,1076,count/exposure metric
ALL,executed_writes,36,536,1076,0.06653439153439153,0.0362453531598513,0.03056573056573057,-0.12037037037037036,0.1962962962962963,0.722027797220278,0.9627037296270373,-0.01808477237048666,0.05810570381998953,536,1076,count/exposure metric
ALL,distinct_entities,36,536,1076,0.3055555555555556,-0.07713754646840149,0.381980056980057,0.003682336182336207,0.7462962962962963,0.0537946205379462,0.2151784821517848,0.309084249084249,0.44622710622710615,536,1076,count/exposure metric
ALL,pre_confirmation_actions,36,536,1076,-0.02678571428571432,-0.19888475836431227,0.17307183557183553,-0.3861130189255189,0.7041763329263327,0.551944805519448,0.8681313686813137,0.05992150706436416,0.29039769754055467,536,1076,count/exposure metric
ALL,post_completion_calls,36,536,1076,-0.014814814814814817,0.016728624535315983,-0.03148148148148148,-0.09074074074074073,0.012962962962962963,0.33236676332366766,0.6787321267873213,-0.0380952380952381,-0.009523809523809525,536,1076,count/exposure metric
ALL,retry_calls,36,536,1076,0.11977513227513227,-0.022304832713754646,0.1442765567765568,-0.13350859788359792,0.43329263329263323,0.33936606339366066,0.6787321267873213,0.07982731554160125,0.20173207744636312,536,1076,count/exposure metric
BOTH_SUCCESS,duplicate_calls,11,112,229,0.10086580086580087,0.021834061135371178,0.08395543850089304,-0.024242424242424242,0.22176308539944903,0.3076692330766923,0.5015498450154985,0.033260073260073256,0.10568431568431569,112,229,count/exposure metric
BOTH_SUCCESS,verification_calls,11,112,229,0.020385674931129475,-0.008733624454148471,0.051318378591105863,0.0,0.13608815426997245,0.24437556244375563,0.48875112488751127,0.010995670995670996,0.05645021645021645,112,229,count/exposure metric
BOTH_SUCCESS,confirmation_calls,11,112,229,0.6374458874458875,0.004366812227074236,0.6806012169648533,0.31210164835164833,1.1116217873036054,0.0136986301369863,0.17598240175982402,0.5259340659340659,0.7486613386613387,112,229,count/exposure metric
BOTH_SUCCESS,write_calls,11,112,229,0.026446280991735537,0.013100436681222707,0.019992129083038178,-0.0007870916961826038,0.04864226682408502,0.507949205079492,0.715128487151285,0.00865800865800866,0.022424242424242426,112,229,count/exposure metric
BOTH_SUCCESS,executed_writes,11,112,229,0.0,0.0,0.0,0.0,0.0,1.0,1.0,0.0,0.0,112,229,count/exposure metric
BOTH_SUCCESS,distinct_entities,11,112,229,0.17548663457754368,-0.08296943231441048,0.22841855114582385,-0.05966261011715553,0.5197958859322495,0.16618338166183383,0.4431556844315569,0.1445937395937396,0.3155461205461206,112,229,count/exposure metric
BOTH_SUCCESS,pre_confirmation_actions,11,112,229,-0.522910422910423,-0.23580786026200873,-0.3611615657070203,-0.9092600202827475,0.11875075681893851,0.22927707229277072,0.48875112488751127,-0.46727772227772224,-0.17942057942057943,112,229,count/exposure metric
BOTH_SUCCESS,post_completion_calls,11,112,229,0.006060606060606061,0.004366812227074236,0.0017316017316017318,-0.012987012987012986,0.018181818181818184,1.0,1.0,-0.0047619047619047615,0.006666666666666666,112,229,count/exposure metric
BOTH_SUCCESS,retry_calls,11,112,229,0.1063330608785154,0.008733624454148471,0.11050351163987525,-0.04518806950625134,0.29758688281415546,0.3134686531346865,0.5015498450154985,0.03670537795537795,0.1484769397269397,112,229,count/exposure metric
SAME_REWARD,duplicate_calls,36,482,994,0.03897213897213898,-0.056338028169014086,0.093762025012025,-0.09744419931919933,0.2912744431494432,0.36966303369663034,0.5914608539146086,0.043379715522572665,0.1459647495361781,482,994,count/exposure metric
SAME_REWARD,verification_calls,36,482,994,-0.004395604395604397,-0.015090543259557344,0.010739723239723243,-0.1612953423890924,0.17075803825803823,0.9046095390460954,0.9649168416491685,-0.0327629513343799,0.06247514390371533,482,994,count/exposure metric
SAME_REWARD,confirmation_calls,36,482,994,0.6712699337699337,0.02012072434607646,0.6523143523143523,0.3391366041366042,0.9754200197950196,0.00039996000399960006,0.006399360063993601,0.5833328576185719,0.6963836163836163,482,994,count/exposure metric
SAME_REWARD,write_calls,36,482,994,0.16274928774928774,0.0,0.16246600621600618,-0.04527249370999372,0.3958740218115217,0.1608839116088391,0.36773465510591796,0.09897602397602395,0.19377455877455876,482,994,count/exposure metric
SAME_REWARD,executed_writes,36,482,994,0.11035307285307286,0.015090543259557344,0.09424001924001923,-0.06126810689310688,0.2644282106782107,0.26617338266173385,0.4731971247319713,0.05015080157937302,0.12359925788497214,482,994,count/exposure metric
SAME_REWARD,distinct_entities,36,482,994,0.3237133237133237,-0.079476861167002,0.40392732267732273,0.046580716736966774,0.7672848736911239,0.038396160383961604,0.20477952204779523,0.3316585795157225,0.47099923885638173,482,994,count/exposure metric
SAME_REWARD,pre_confirmation_actions,36,482,994,-0.09329351204351209,-0.1720321931589537,0.06413817663817659,-0.5066090564528065,0.6264273111148108,0.8256174382561744,0.9649168416491685,-0.05212454212454215,0.17835164835164832,482,994,count/exposure metric
SAME_REWARD,post_completion_calls,36,482,994,0.001851851851851852,0.001006036217303823,0.0006944444444444445,-0.003472222222222222,0.005555555555555556,1.0,1.0,-0.0011904761904761904,0.0019047619047619048,482,994,count/exposure metric
SAME_REWARD,retry_calls,36,482,994,0.15744486994486995,-0.029175050301810865,0.18968392718392715,-0.11928958772708774,0.4927244283494283,0.2435756424357564,0.4731971247319713,0.1301684030255459,0.2484368012939441,482,994,count/exposure metric
SAME_FINAL_STATE,duplicate_calls,36,334,754,-0.025918988418988417,-0.07957559681697612,0.022585068226585705,-0.11019291328008295,0.17107352486561778,0.7843215678432157,1.0,-0.029014542068981224,0.051252333912180474,334,754,count/exposure metric
SAME_FINAL_STATE,verification_calls,36,334,754,-0.00540986790986791,0.001326259946949602,-0.002533808783808782,-0.041978074009324004,0.034124775687275684,0.8857114288571143,1.0,-0.009749060463346178,0.007192331478045766,334,754,count/exposure metric
SAME_FINAL_STATE,confirmation_calls,36,334,754,0.5228006561339895,0.03050397877984085,0.5117739517515733,0.022583728907258332,1.0606873096946625,0.061993800619938005,0.24797520247975202,0.3545473251629627,0.6263960646587611,334,754,count/exposure metric
SAME_FINAL_STATE,write_calls,36,334,754,-0.01053267719934387,-0.015915119363395226,0.00840101710199749,-0.05616178041729513,0.0666820763205567,0.8063193680631937,1.0,-0.005644668123659724,0.02952016704117545,334,754,count/exposure metric
SAME_FINAL_STATE,executed_writes,36,334,754,0.0,0.0,0.0,0.0,0.0,1.0,1.0,0.0,0.0,334,754,count/exposure metric
SAME_FINAL_STATE,distinct_entities,36,334,754,0.2949154240820908,-0.09151193633952255,0.3953755387046095,0.031323960561359325,0.7796992930619314,0.043695630436956304,0.23304336233043363,0.28191007790569356,0.4872913632869789,334,754,count/exposure metric
SAME_FINAL_STATE,pre_confirmation_actions,36,334,754,0.10212503545836878,-0.22679045092838196,0.247352024179603,-0.13114669420322664,0.6436412059531199,0.23047695230476953,0.46095390460953906,0.14013351058473453,0.31470179943873766,334,754,count/exposure metric
SAME_FINAL_STATE,post_completion_calls,36,334,754,0.001851851851851852,0.001326259946949602,0.0005892255892255892,-0.0037878787878787876,0.005555555555555556,1.0,1.0,-0.0012987012987012987,0.0019047619047619048,334,754,count/exposure metric
SAME_FINAL_STATE,retry_calls,36,334,754,-0.02456648289981624,-0.09283819628647215,0.025394685987183876,-0.20233625425441285,0.26094279659137387,0.8414158584141586,1.0,-0.03881481649110438,0.07305902395416462,334,754,count/exposure metric
