subset,contrast,delta,ci_low,ci_high,p,n_tasks
ALL,C4-C1(adaptive-neutral),0.0541,0,0.1351,0.5097,37
ALL,C3-C1(static-neutral),-0.027,-0.0811,0,1.0,37
ALL,C4-C3(adaptive-static),0.0811,0,0.1892,0.2574,37
miss_param,C4-C1(adaptive-neutral),0.0476,0,0.1429,1.0,21
miss_param,C3-C1(static-neutral),0,0,0,1.0,21
miss_param,C4-C3(adaptive-static),0.0476,0,0.1429,1.0,21
base,C4-C1(adaptive-neutral),0.0625,0,0.1875,1.0,16
base,C3-C1(static-neutral),-0.0625,-0.1875,0,1.0,16
base,C4-C3(adaptive-static),0.125,0,0.3125,0.4823,16
